SampleID,StationCode,SampleDate,CollectionMethodCode,Replicate,Arth_Rich,Arth_Abund,Insect_Rich,Insect_RelRich,Insect_Abund,Insect_RelAbund,Noninsect_Rich,Noninsect_RelRich,Noninsect_Abund,Noninsect_RelAbund,Coleo_Rich,Coleo_RelRich,Coleo_Abund,Coleo_RelAbund,Araneae_Rich,Araneae_RelRich,Araneae_Abund,Araneae_RelAbund,Araneae_Nat_Rich,Araneae_Nat_RelRich,Araneae_Nat_Abund,Araneae_Nat_RelAbund,Formicidae_Rich,Formicidae_RelRich,Formicidae_Abund,Formicidae_RelAbund,Formicidae_Nat_Rich,Formicidae_Nat_RelRich,Formicidae_Nat_Abund,Formicidae_Nat_RelAbund,CAF_Rich,CAF_RelRich,CAF_Abund,CAF_RelAbund,CAF_Nat_Rich,CAF_Nat_RelRich,CAF_Nat_Abund,CAF_Nat_RelAbund,Nonnat_KRich,Nonnat_Rich,Nonnat_RelRich,Nonnat_KAbund,Nonnat_Abund,Nonnat_RelAbund,NonnatSynanth_KRich,NonnatSynanth_Rich,Nonnative_RelRich,Nonnative_KAbund,Nonnative_Abund,Nonnative_RelAbund,LinEpi_Rich,LinEpi_RelRich,LinEpi_Abund,LinEpi_RelAbund,Aquatic_KRich,Aquatic_Rich,Aquatic_RelRich,Aquatic_KAbund,Aquatic_Abund,Aquatic_RelAbund,StratumFinal_KRich,StratumFinal_KAbund,Ground_Rich,Ground_RelRich,Ground_Abund,Ground_RelAbund,Herbaceous_Rich,Herbaceous_RelRich,Herbaceous_Abund,Herbaceous_RelAbund,Arboreal_Rich,Arboreal_RelRich,Arboreal_Abund,Arboreal_RelAbund,FFG_KRich,FFG_KAbund,Detritivore_Rich,Detritivore_RelRich,Detritivore_Abund,Detritivore_RelAbund,Fungivore_Rich,Fungivore_RelRich,Fungivore_Abund,Fungivore_RelAbund,DetrFung_Rich,DetrFung_RelRich,DetrFung_Abund,DetrFung_RelAbund,Predator_Rich,Predator_RelRich,Predator_Abund,Predator_RelAbund,FFG_d_KRich,FFG_d_KAbund,PredatorGround_Rich,PredatorGround_RelRich,PredatorGround_Abund,PredatorGround_RelAbund,BodySize_KRich,BodySize_KAbund,BodySizeSmall_Rich,BodySizeSmall_RelRich,BodySizeSmall_Abund,BodySizeSmall_RelAbund,BodySizeMedium_Rich,BodySizeMedium_RelRich,BodySizeMedium_Abund,BodySizeMedium_RelAbund,BodySizeLarge_Rich,BodySizeLarge_RelRich,BodySizeLarge_Abund,BodySizeLarge_RelAbund,BodySizeLargest,BodySizeAverage,Dispersal_KRich,Dispersal_KAbund,DisperserPoor_Rich,DisperserPoor_RelRich,DisperserPoor_Abund,DisperserPoor_RelAbund,DisperserGood_Rich,DisperserGood_RelRich,DisperserGood_Abund,DisperserGood_RelAbund,TempTol_KRich,TempTol_KAbund,TempTolHigh_Rich,TempTolHigh_RelRich,TempTolHigh_Abund,TempTolHigh_RelAbund,TempTolAverage,TempTolMax
402COZYDL_2021-07-10_TerInvt_T_DS_1,402COZYDL,2021-07-10T00:00:00Z,TerInvt_T_DS,1,12,83,10,0.8333333333333334,79,0.9518072289156626,2,0.16666666666666666,4,0.04819277108433735,5,0.4166666666666667,6,0.07228915662650602,2,0.16666666666666666,4,0.04819277108433735,2,0.16666666666666666,4,0.04819277108433735,2,0.16666666666666666,42,0.5060240963855421,2,0.16666666666666666,42,0.5060240963855421,9,0.75,52,0.6265060240963856,9,0.75,52,0.6265060240963856,12,0,0,83,0,0,12,0,0,83,0,0,0,0,0,0,12,0,0,83,0,0,9,50,4,0.4444444444444444,40,0.8,2,0.2222222222222222,2,0.04,0,0,0,0,10,53,1,0.1,1,0.018867924528301886,0,0,0,0,1,0.1,1,0.018867924528301886,4,0,7,0,10,53,4,0,7,0,10,51,5,0.5,45,0.8823529411764706,3,0.3,4,0.0784313725490196,2,0.2,2,0.0392156862745098,21.7,5.334901960784315,7,8,0,0,0,0,6,0.8571428571428571,7,0.875,2,42,2,1,42,1,25.77857142857143,50
402COZYDL_2021-07-10_TerInvt_V_DS_1,402COZYDL,2021-07-10T00:00:00Z,TerInvt_V_DS,1,7,22,3,0.42857142857142855,5,0.22727272727272727,4,0.5714285714285714,17,0.7727272727272727,2,0.2857142857142857,3,0.13636363636363635,4,0.5714285714285714,17,0.7727272727272727,4,0.5714285714285714,17,0.7727272727272727,0,0,0,0,0,0,0,0,6,0.8571428571428571,20,0.9090909090909091,6,0.8571428571428571,20,0.9090909090909091,7,0,0,22,0,0,7,0,0,22,0,0,0,0,0,0,7,0,0,22,0,0,7,21,1,0.14285714285714285,1,0.047619047619047616,2,0.2857142857142857,3,0.14285714285714285,0,0,0,0,7,21,0,0,0,0,0,0,0,0,0,0,0,0,4,0,17,0,7,21,3,0,7,0,7,21,3,0.42857142857142855,7,0.3333333333333333,3,0.42857142857142855,12,0.5714285714285714,1,0.14285714285714285,2,0.09523809523809523,18,12.394047619047617,7,21,0,0,0,0,4,0.5714285714285714,5,0.23809523809523808,0,0,0,NA,0,NA,NA,-Inf
402LONVAL_2021-07-11_TerInvt_T_DS_1,402LONVAL,2021-07-11T00:00:00Z,TerInvt_T_DS,1,21,136,16,0.7619047619047619,117,0.8602941176470589,5,0.23809523809523808,19,0.13970588235294118,4,0.19047619047619047,4,0.029411764705882353,1,0.047619047619047616,6,0.04411764705882353,1,0.047619047619047616,6,0.04411764705882353,2,0.09523809523809523,8,0.058823529411764705,1,0.047619047619047616,2,0.014705882352941176,7,0.3333333333333333,18,0.1323529411764706,6,0.2857142857142857,12,0.08823529411764706,21,2,0.09523809523809523,136,8,0.058823529411764705,21,2,0.09523809523809523,136,8,0.058823529411764705,1,0.047619047619047616,6,0.04411764705882353,21,0,0,136,0,0,12,24,6,0.5,13,0.5416666666666666,4,0.3333333333333333,4,0.16666666666666666,0,0,0,0,20,49,6,0.3,15,0.30612244897959184,1,0.05,1,0.02040816326530612,7,0.35,16,0.326530612244898,5,0.05,12,0.02040816326530612,20,49,5,0.05,12,0.02040816326530612,19,44,12,0.631578947368421,31,0.7045454545454546,5,0.2631578947368421,11,0.25,2,0.10526315789473684,2,0.045454545454545456,18.5,5.205227272727273,8,11,0,0,0,0,8,1,11,1,3,10,2,0.6666666666666666,8,0.8,16.72,52.7
402LONVAL_2021-07-11_TerInvt_V_DS_1,402LONVAL,2021-07-11T00:00:00Z,TerInvt_V_DS,1,18,158,13,0.7222222222222222,141,0.8924050632911392,5,0.2777777777777778,17,0.10759493670886076,1,0.05555555555555555,5,0.03164556962025317,4,0.2222222222222222,16,0.10126582278481013,3,0.16666666666666666,15,0.0949367088607595,2,0.1111111111111111,3,0.0189873417721519,1,0.05555555555555555,2,0.012658227848101266,7,0.3888888888888889,24,0.15189873417721517,5,0.2777777777777778,22,0.13924050632911394,18,1,0.05555555555555555,158,1,0.006329113924050633,18,2,0.1111111111111111,158,2,0.012658227848101266,1,0.05555555555555555,1,0.006329113924050633,18,0,0,158,0,0,10,17,2,0.2,3,0.17647058823529413,2,0.2,4,0.23529411764705882,1,0.1,1,0.058823529411764705,18,152,0,0,0,0,1,0.05555555555555555,3,0.019736842105263157,1,0.05555555555555555,3,0.019736842105263157,6,0.05555555555555555,18,0.019736842105263157,18,152,3,0.05555555555555555,13,0.019736842105263157,16,138,12,0.75,128,0.927536231884058,2,0.125,8,0.057971014492753624,2,0.125,2,0.014492753623188406,20,2.650905797101449,8,14,1,0.125,1,0.07142857142857142,4,0.5,8,0.5714285714285714,2,3,2,1,3,1,23.233333333333334,51.1
403CLWCYN_2021-07-04_TerInvt_T_DS_1,403CLWCYN,2021-07-04T00:00:00Z,TerInvt_T_DS,1,27,376,21,0.7777777777777778,207,0.550531914893617,6,0.2222222222222222,169,0.449468085106383,5,0.18518518518518517,21,0.05585106382978723,3,0.1111111111111111,136,0.3617021276595745,3,0.1111111111111111,136,0.3617021276595745,5,0.18518518518518517,24,0.06382978723404255,5,0.18518518518518517,24,0.06382978723404255,13,0.48148148148148145,181,0.48138297872340424,13,0.48148148148148145,181,0.48138297872340424,27,1,0.037037037037037035,376,16,0.0425531914893617,27,1,0.037037037037037035,376,16,0.0425531914893617,0,0,0,0,27,1,0.037037037037037035,376,5,0.013297872340425532,17,199,8,0.47058823529411764,182,0.914572864321608,3,0.17647058823529413,5,0.02512562814070352,1,0.058823529411764705,1,0.005025125628140704,25,343,4,0.16,110,0.3206997084548105,0,0,0,0,4,0.16,110,0.3206997084548105,7,0,168,0,25,343,7,0,168,0,20,281,11,0.55,108,0.38434163701067614,6,0.3,37,0.13167259786476868,3,0.15,136,0.48398576512455516,21.7,12.970622775800713,10,153,0,0,0,0,8,0.8,150,0.9803921568627451,7,164,6,0.8571428571428571,148,0.9024390243902439,22.01081081081081,53.2
403CLWCYN_2021-07-04_TerInvt_V_DS_1,403CLWCYN,2021-07-04T00:00:00Z,TerInvt_V_DS,1,11,22,6,0.5454545454545454,10,0.45454545454545453,5,0.45454545454545453,12,0.5454545454545454,2,0.18181818181818182,4,0.18181818181818182,4,0.36363636363636365,11,0.5,4,0.36363636363636365,11,0.5,1,0.09090909090909091,1,0.045454545454545456,1,0.09090909090909091,1,0.045454545454545456,7,0.6363636363636364,16,0.7272727272727273,7,0.6363636363636364,16,0.7272727272727273,11,0,0,22,0,0,11,0,0,22,0,0,0,0,0,0,11,0,0,22,0,0,9,20,2,0.2222222222222222,2,0.1,2,0.2222222222222222,6,0.3,1,0.1111111111111111,1,0.05,11,22,0,0,0,0,0,0,0,0,0,0,0,0,6,0,13,0,11,22,4,0,8,0,8,19,3,0.375,9,0.47368421052631576,2,0.25,5,0.2631578947368421,3,0.375,5,0.2631578947368421,20,11.759473684210526,8,19,1,0.125,1,0.05263157894736842,3,0.375,7,0.3684210526315789,0,0,0,NA,0,NA,NA,-Inf
403KLEINE_2021-07-05_TerInvt_T_DS_1,403KLEINE,2021-07-05T00:00:00Z,TerInvt_T_DS,1,18,216,16,0.8888888888888888,208,0.9629629629629629,2,0.1111111111111111,8,0.037037037037037035,5,0.2777777777777778,13,0.06018518518518518,1,0.05555555555555555,6,0.027777777777777776,1,0.05555555555555555,6,0.027777777777777776,5,0.2777777777777778,50,0.23148148148148148,5,0.2777777777777778,50,0.23148148148148148,11,0.6111111111111112,69,0.3194444444444444,11,0.6111111111111112,69,0.3194444444444444,18,0,0,216,0,0,18,0,0,216,0,0,0,0,0,0,18,0,0,216,0,0,13,66,5,0.38461538461538464,16,0.24242424242424243,3,0.23076923076923078,3,0.045454545454545456,0,0,0,0,17,196,5,0.29411764705882354,121,0.6173469387755102,0,0,0,0,5,0.29411764705882354,121,0.6173469387755102,3,0,15,0,17,196,3,0,15,0,16,184,10,0.625,155,0.842391304347826,4,0.25,27,0.14673913043478262,2,0.125,2,0.010869565217391304,21.7,7.485353260869566,7,15,0,0,0,0,7,1,15,1,4,49,4,1,49,1,27.90714285714286,51.5
403KLEINE_2021-07-05_TerInvt_V_DS_1,403KLEINE,2021-07-05T00:00:00Z,TerInvt_V_DS,1,2,4,2,1,4,1,0,0,0,0,0,0,0,0,0,0,0,0,0,0,0,0,1,0.5,3,0.75,1,0.5,3,0.75,1,0.5,3,0.75,1,0.5,3,0.75,2,0,0,4,0,0,2,0,0,4,0,0,0,0,0,0,2,0,0,4,0,0,1,2,1,1,2,1,0,0,0,0,0,0,0,0,2,3,0,0,0,0,0,0,0,0,0,0,0,0,0,0,0,0,2,3,0,0,0,0,2,3,2,1,3,1,0,0,0,0,0,0,0,0,8,6.333333333333333,0,0,0,NA,0,NA,0,NA,0,NA,1,2,1,1,2,1,25.95,47.4
403LACACR_2021-07-14_TerInvt_T_DS_1,403LACACR,2021-07-14T00:00:00Z,TerInvt_T_DS,1,17,76,14,0.8235294117647058,66,0.868421052631579,3,0.17647058823529413,10,0.13157894736842105,2,0.11764705882352941,3,0.039473684210526314,2,0.11764705882352941,9,0.11842105263157894,2,0.11764705882352941,9,0.11842105263157894,6,0.35294117647058826,25,0.32894736842105265,6,0.35294117647058826,25,0.32894736842105265,10,0.5882352941176471,37,0.4868421052631579,10,0.5882352941176471,37,0.4868421052631579,17,0,0,76,0,0,17,0,0,76,0,0,0,0,0,0,17,0,0,76,0,0,11,47,6,0.5454545454545454,36,0.7659574468085106,0,0,0,0,0,0,0,0,15,63,4,0.26666666666666666,25,0.3968253968253968,0,0,0,0,4,0.26666666666666666,25,0.3968253968253968,5,0,13,0,15,63,5,0,13,0,14,56,7,0.5,29,0.5178571428571429,4,0.2857142857142857,9,0.16071428571428573,3,0.21428571428571427,18,0.32142857142857145,30,13.489464285714286,3,5,0,0,0,0,2,0.6666666666666666,4,0.8,6,25,6,1,25,1,28.894000000000002,53.2
403LACACR_2021-07-14_TerInvt_V_DS_1,403LACACR,2021-07-14T00:00:00Z,TerInvt_V_DS,1,1,1,1,1,1,1,0,0,0,0,1,1,1,1,0,0,0,0,0,0,0,0,0,0,0,0,0,0,0,0,1,1,1,1,1,1,1,1,1,0,0,1,0,0,1,0,0,1,0,0,0,0,0,0,1,0,0,1,0,0,1,1,0,0,0,0,1,1,1,1,0,0,0,0,1,1,0,0,0,0,0,0,0,0,0,0,0,0,0,0,0,0,1,1,0,0,0,0,1,1,1,1,1,1,0,0,0,0,0,0,0,0,6.625,6.625,1,1,0,0,0,0,1,1,1,1,0,0,0,NA,0,NA,NA,-Inf
403TEXCYN_2021-07-06_TerInvt_T_DS_1,403TEXCYN,2021-07-06T00:00:00Z,TerInvt_T_DS,1,13,51,9,0.6923076923076923,45,0.8823529411764706,4,0.3076923076923077,6,0.11764705882352941,1,0.07692307692307693,1,0.0196078431372549,3,0.23076923076923078,5,0.09803921568627451,3,0.23076923076923078,5,0.09803921568627451,4,0.3076923076923077,8,0.1568627450980392,3,0.23076923076923078,6,0.11764705882352941,8,0.6153846153846154,14,0.27450980392156865,7,0.5384615384615385,12,0.23529411764705882,13,1,0.07692307692307693,51,2,0.0392156862745098,13,1,0.07692307692307693,51,2,0.0392156862745098,1,0.07692307692307693,2,0.0392156862745098,13,0,0,51,0,0,10,16,5,0.5,6,0.375,1,0.1,1,0.0625,0,0,0,0,12,34,3,0.25,19,0.5588235294117647,1,0.08333333333333333,1,0.029411764705882353,4,0.3333333333333333,20,0.5882352941176471,4,0.08333333333333333,6,0.029411764705882353,12,34,4,0.08333333333333333,6,0.029411764705882353,11,33,6,0.5454545454545454,26,0.7878787878787878,4,0.36363636363636365,6,0.18181818181818182,1,0.09090909090909091,1,0.030303030303030304,18.6,7.137878787878789,5,7,0,0,0,0,4,0.8,5,0.7142857142857143,5,9,5,1,9,1,23.85,51.2
403TEXCYN_2021-07-06_TerInvt_V_DS_1,403TEXCYN,2021-07-06T00:00:00Z,TerInvt_V_DS,1,3,6,1,0.3333333333333333,1,0.16666666666666666,2,0.6666666666666666,5,0.8333333333333334,1,0.3333333333333333,1,0.16666666666666666,2,0.6666666666666666,5,0.8333333333333334,2,0.6666666666666666,5,0.8333333333333334,0,0,0,0,0,0,0,0,3,1,6,1,3,1,6,1,3,0,0,6,0,0,3,0,0,6,0,0,0,0,0,0,3,0,0,6,0,0,2,2,1,0.5,1,0.5,1,0.5,1,0.5,0,0,0,0,3,6,0,0,0,0,0,0,0,0,0,0,0,0,2,0,5,0,3,6,2,0,5,0,3,3,0,0,0,0,2,0.6666666666666666,2,0.6666666666666666,1,0.3333333333333333,1,0.3333333333333333,18,13.283333333333333,2,2,0,0,0,0,2,1,2,1,0,0,0,NA,0,NA,NA,-Inf
403UACAFH_2021-07-13_TerInvt_T_DS_1,403UACAFH,2021-07-13T00:00:00Z,TerInvt_T_DS,1,15,165,11,0.7333333333333333,155,0.9393939393939394,4,0.26666666666666666,10,0.06060606060606061,2,0.13333333333333333,2,0.012121212121212121,3,0.2,9,0.05454545454545454,3,0.2,9,0.05454545454545454,4,0.26666666666666666,119,0.7212121212121212,4,0.26666666666666666,119,0.7212121212121212,9,0.6000000000000001,130,0.7878787878787878,9,0.6000000000000001,130,0.7878787878787878,15,0,0,165,0,0,15,0,0,165,0,0,0,0,0,0,15,0,0,165,0,0,7,124,3,0.42857142857142855,7,0.056451612903225805,1,0.14285714285714285,1,0.008064516129032258,0,0,0,0,13,146,3,0.23076923076923078,17,0.11643835616438356,0,0,0,0,3,0.23076923076923078,17,0.11643835616438356,4,0,10,0,13,146,4,0,10,0,12,139,7,0.5833333333333334,130,0.935251798561151,3,0.25,3,0.02158273381294964,2,0.16666666666666666,6,0.04316546762589928,30,5.357553956834533,2,2,0,0,0,0,2,1,2,1,3,11,3,1,11,1,26.268181818181816,51.2
403UACAFH_2021-07-13_TerInvt_V_DS_1,403UACAFH,2021-07-13T00:00:00Z,TerInvt_V_DS,1,7,38,4,0.5714285714285714,30,0.7894736842105263,3,0.42857142857142855,8,0.21052631578947367,1,0.14285714285714285,3,0.07894736842105263,2,0.2857142857142857,7,0.18421052631578946,2,0.2857142857142857,7,0.18421052631578946,1,0.14285714285714285,15,0.39473684210526316,1,0.14285714285714285,15,0.39473684210526316,4,0.5714285714285714,25,0.6578947368421053,4,0.5714285714285714,25,0.6578947368421053,7,0,0,38,0,0,7,0,0,38,0,0,0,0,0,0,7,0,0,38,0,0,4,25,0,0,0,0,1,0.25,3,0.12,0,0,0,0,7,38,0,0,0,0,0,0,0,0,0,0,0,0,4,0,11,0,7,38,3,0,5,0,5,35,4,0.8,34,0.9714285714285714,1,0.2,1,0.02857142857142857,0,0,0,0,11.5,4.6621428571428565,3,10,0,0,0,0,1,0.3333333333333333,3,0.3,0,0,0,NA,0,NA,NA,-Inf
404LUNADA_2021-07-16_TerInvt_T_DS_1,404LUNADA,2021-07-16T00:00:00Z,TerInvt_T_DS,1,8,360,5,0.625,350,0.9722222222222222,3,0.375,10,0.027777777777777776,2,0.25,2,0.005555555555555556,2,0.25,9,0.025,2,0.25,9,0.025,1,0.125,338,0.9388888888888889,0,0,26,0.07222222222222222,5,0.625,349,0.9694444444444444,4,0.5,37,0.10277777777777777,8,2,0.25,360,315,0.875,8,2,0.25,360,315,0.875,1,0.125,312,0.8666666666666667,8,0,0,360,0,0,5,319,2,0.4,5,0.01567398119122257,0,0,0,0,0,0,0,0,8,334,1,0.125,1,0.0029940119760479044,1,0.125,1,0.0029940119760479044,2,0.25,2,0.005988023952095809,3,0.125,10,0.0029940119760479044,8,334,3,0.125,10,0.0029940119760479044,7,327,3,0.42857142857142855,320,0.9785932721712538,3,0.42857142857142855,6,0.01834862385321101,1,0.14285714285714285,1,0.0030581039755351682,24,1.791743119266055,3,4,0,0,0,0,2,0.6666666666666666,3,0.75,1,312,1,1,312,1,14,44
404LUNADA_2021-07-16_TerInvt_V_DS_1,404LUNADA,2021-07-16T00:00:00Z,TerInvt_V_DS,1,17,703,14,0.8235294117647058,681,0.968705547652916,3,0.17647058823529413,22,0.031294452347083924,6,0.35294117647058826,28,0.03982930298719772,3,0.17647058823529413,22,0.031294452347083924,2,0.11764705882352941,21,0.029871977240398292,1,0.058823529411764705,81,0.11522048364153627,0,0,0,0,10,0.5882352941176471,131,0.18634423897581792,8,0.47058823529411764,49,0.06970128022759602,17,1,0.058823529411764705,703,81,0.11522048364153627,17,2,0.11764705882352941,703,82,0.1166429587482219,1,0.058823529411764705,81,0.11522048364153627,17,0,0,703,0,0,8,111,2,0.25,2,0.018018018018018018,1,0.125,4,0.036036036036036036,1,0.125,1,0.009009009009009009,16,686,0,0,0,0,2,0.125,14,0.02040816326530612,2,0.125,14,0.02040816326530612,6,0.125,28,0.02040816326530612,16,686,5,0.125,21,0.02040816326530612,16,676,12,0.75,663,0.9807692307692307,3,0.1875,12,0.01775147928994083,1,0.0625,1,0.0014792899408284023,16.155,3.2290014792899404,7,30,0,0,0,0,5,0.7142857142857143,19,0.6333333333333333,1,81,1,1,81,1,14,44
404SMMCON_2021-07-08_TerInvt_T_DS_1,404SMMCON,2021-07-08T00:00:00Z,TerInvt_T_DS,1,15,55,10,0.6666666666666666,40,0.7272727272727273,5,0.3333333333333333,15,0.2727272727272727,4,0.26666666666666666,5,0.09090909090909091,3,0.2,8,0.14545454545454545,3,0.2,8,0.14545454545454545,1,0.06666666666666667,17,0.3090909090909091,0,0,0,0,8,0.5333333333333333,30,0.5454545454545454,7,0.4666666666666667,13,0.23636363636363636,15,3,0.2,55,24,0.43636363636363634,15,3,0.2,55,24,0.43636363636363634,1,0.06666666666666667,17,0.3090909090909091,15,0,0,55,0,0,11,38,7,0.6363636363636364,17,0.4473684210526316,1,0.09090909090909091,1,0.02631578947368421,0,0,0,0,14,45,4,0.2857142857142857,13,0.28888888888888886,0,0,0,0,4,0.2857142857142857,13,0.28888888888888886,6,0,11,0,14,45,6,0,11,0,13,44,6,0.46153846153846156,27,0.6136363636363636,4,0.3076923076923077,12,0.2727272727272727,3,0.23076923076923078,5,0.11363636363636363,30,7.61090909090909,7,13,0,0,0,0,6,0.8571428571428571,12,0.9230769230769231,3,26,2,0.6666666666666666,20,0.7692307692307693,13.504347826086958,51.1
404SMMCON_2021-07-08_TerInvt_V_DS_1,404SMMCON,2021-07-08T00:00:00Z,TerInvt_V_DS,1,6,14,3,0.5,4,0.2857142857142857,3,0.5,10,0.7142857142857143,1,0.16666666666666666,1,0.07142857142857142,2,0.3333333333333333,8,0.5714285714285714,1,0.16666666666666666,7,0.5,1,0.16666666666666666,2,0.14285714285714285,0,0,0,0,4,0.6666666666666666,11,0.7857142857142856,2,0.3333333333333333,8,0.5714285714285714,6,1,0.16666666666666666,14,2,0.14285714285714285,6,2,0.3333333333333333,14,3,0.21428571428571427,1,0.16666666666666666,2,0.14285714285714285,6,0,0,14,0,0,3,4,0,0,0,0,1,0.3333333333333333,1,0.25,1,0.3333333333333333,1,0.25,6,14,0,0,0,0,0,0,0,0,0,0,0,0,3,0,10,0,6,14,3,0,10,0,5,6,4,0.8,5,0.8333333333333334,1,0.2,1,0.16666666666666666,0,0,0,0,12.35,4.954166666666667,2,2,0,0,0,0,2,1,2,1,1,2,1,1,2,1,14,44
405SJHILL_2021-07-15_TerInvt_T_DS_1,405SJHILL,2021-07-15T00:00:00Z,TerInvt_T_DS,1,13,34,9,0.6923076923076923,23,0.6764705882352942,4,0.3076923076923077,11,0.3235294117647059,3,0.23076923076923078,5,0.14705882352941177,4,0.3076923076923077,11,0.3235294117647059,4,0.3076923076923077,11,0.3235294117647059,1,0.07692307692307693,9,0.2647058823529412,0,0,0,0,8,0.6153846153846154,25,0.7352941176470589,7,0.5384615384615385,16,0.47058823529411764,13,2,0.15384615384615385,34,10,0.29411764705882354,13,2,0.15384615384615385,34,10,0.29411764705882354,1,0.07692307692307693,9,0.2647058823529412,13,0,0,34,0,0,10,24,2,0.2,4,0.16666666666666666,2,0.2,2,0.08333333333333333,0,0,0,0,12,29,2,0.16666666666666666,3,0.10344827586206896,1,0.08333333333333333,2,0.06896551724137931,3,0.25,5,0.1724137931034483,4,0.08333333333333333,11,0.06896551724137931,12,29,2,0.08333333333333333,7,0.06896551724137931,12,26,8,0.6666666666666666,19,0.7307692307692307,4,0.3333333333333333,7,0.2692307692307692,0,0,0,0,15.75,5.943269230769231,8,14,0,0,0,0,5,0.625,9,0.6428571428571429,1,9,1,1,9,1,14,44
405SJHILL_2021-07-15_TerInvt_V_DS_1,405SJHILL,2021-07-15T00:00:00Z,TerInvt_V_DS,1,2,87,2,1,87,1,0,0,0,0,0,0,0,0,0,0,0,0,0,0,0,0,1,0.5,77,0.8850574712643678,0,0,0,0,1,0.5,77,0.8850574712643678,0,0,0,0,2,1,0.5,87,77,0.8850574712643678,2,1,0.5,87,77,0.8850574712643678,1,0.5,77,0.8850574712643678,2,0,0,87,0,0,2,87,0,0,0,0,1,0.5,10,0.11494252873563218,0,0,0,0,2,87,0,0,0,0,0,0,0,0,0,0,0,0,0,0,0,0,2,87,0,0,0,0,2,87,2,1,87,1,0,0,0,0,0,0,0,0,3.05,1.6781609195402298,1,10,0,0,0,0,1,1,10,1,1,77,1,1,77,1,14,44
408ARYSIM_2021-07-07_TerInvt_T_DS_1,408ARYSIM,2021-07-07T00:00:00Z,TerInvt_T_DS,1,12,40,9,0.75,29,0.725,3,0.25,11,0.275,1,0.08333333333333333,2,0.05,2,0.16666666666666666,5,0.125,1,0.08333333333333333,4,0.1,3,0.25,6,0.15,2,0.16666666666666666,5,0.125,6,0.5,13,0.32499999999999996,4,0.3333333333333333,11,0.275,12,1,0.08333333333333333,40,1,0.025,12,2,0.16666666666666666,40,2,0.05,1,0.08333333333333333,1,0.025,12,0,0,40,0,0,5,8,2,0.4,4,0.5,0,0,0,0,1,0.2,2,0.25,10,22,0,0,0,0,0,0,0,0,0,0,0,0,3,0,11,0,10,22,1,0,9,0,8,12,7,0.875,11,0.9166666666666666,0,0,0,0,1,0.125,1,0.08333333333333333,17.5,4.55,2,3,0,0,0,0,1,0.5,2,0.6666666666666666,3,5,3,1,5,1,25.410000000000004,52.7
408ARYSIM_2021-07-07_TerInvt_V_DS_1,408ARYSIM,2021-07-07T00:00:00Z,TerInvt_V_DS,1,8,78,6,0.75,74,0.9487179487179487,2,0.25,4,0.05128205128205128,2,0.25,4,0.05128205128205128,2,0.25,4,0.05128205128205128,2,0.25,4,0.05128205128205128,2,0.25,56,0.717948717948718,1,0.125,13,0.16666666666666666,6,0.75,64,0.8205128205128205,5,0.625,21,0.2692307692307692,8,1,0.125,78,43,0.5512820512820513,8,1,0.125,78,43,0.5512820512820513,1,0.125,43,0.5512820512820513,8,0,0,78,0,0,5,59,3,0.6,15,0.2542372881355932,0,0,0,0,1,0.2,1,0.01694915254237288,7,73,0,0,0,0,0,0,0,0,0,0,0,0,2,0,4,0,7,73,2,0,4,0,8,73,6,0.75,71,0.9726027397260274,1,0.125,1,0.0136986301369863,1,0.125,1,0.0136986301369863,18.6,2.228767123287671,3,3,0,0,0,0,3,1,3,1,3,57,3,1,57,1,17.598214285714285,52.7
408GRIMES_2021-07-09_TerInvt_T_DS_1,408GRIMES,2021-07-09T00:00:00Z,TerInvt_T_DS,1,16,46,9,0.5625,33,0.717391304347826,7,0.4375,13,0.2826086956521739,2,0.125,2,0.043478260869565216,4,0.25,9,0.1956521739130435,3,0.1875,8,0.17391304347826086,3,0.1875,17,0.3695652173913043,2,0.125,5,0.10869565217391304,9,0.5625,28,0.6086956521739131,7,0.4375,15,0.32608695652173914,16,3,0.1875,46,14,0.30434782608695654,16,4,0.25,46,15,0.32608695652173914,1,0.0625,12,0.2608695652173913,16,0,0,46,0,0,8,24,4,0.5,7,0.2916666666666667,1,0.125,1,0.041666666666666664,0,0,0,0,15,37,4,0.26666666666666666,6,0.16216216216216217,0,0,0,0,4,0.26666666666666666,6,0.16216216216216217,5,0,11,0,15,37,4,0,10,0,14,32,7,0.5,23,0.71875,5,0.35714285714285715,7,0.21875,2,0.14285714285714285,2,0.0625,24,5.8359375,3,5,0,0,0,0,2,0.6666666666666666,4,0.8,4,18,3,0.75,17,0.9444444444444444,18.15,52.7
408GRIMES_2021-07-09_TerInvt_V_DS_1,408GRIMES,2021-07-09T00:00:00Z,TerInvt_V_DS,1,17,78,12,0.7058823529411765,58,0.7435897435897436,5,0.29411764705882354,20,0.2564102564102564,3,0.17647058823529413,5,0.0641025641025641,5,0.29411764705882354,20,0.2564102564102564,5,0.29411764705882354,20,0.2564102564102564,1,0.058823529411764705,1,0.01282051282051282,0,0,0,0,9,0.5294117647058824,26,0.3333333333333333,8,0.47058823529411764,25,0.3205128205128205,17,1,0.058823529411764705,78,1,0.01282051282051282,17,1,0.058823529411764705,78,1,0.01282051282051282,1,0.058823529411764705,1,0.01282051282051282,17,0,0,78,0,0,9,14,1,0.1111111111111111,1,0.07142857142857142,1,0.1111111111111111,1,0.07142857142857142,2,0.2222222222222222,2,0.14285714285714285,17,75,0,0,0,0,1,0.058823529411764705,1,0.013333333333333334,1,0.058823529411764705,1,0.013333333333333334,6,0.058823529411764705,21,0.013333333333333334,17,75,5,0.058823529411764705,19,0.013333333333333334,16,64,10,0.625,54,0.84375,5,0.3125,9,0.140625,1,0.0625,1,0.015625,60,5.542578125,8,13,0,0,0,0,5,0.625,5,0.38461538461538464,1,1,1,1,1,1,14,44
412SINGSP_2021-07-12_TerInvt_T_DS_1,412SINGSP,2021-07-12T00:00:00Z,TerInvt_T_DS,1,14,193,11,0.7857142857142857,179,0.927461139896373,3,0.21428571428571427,14,0.07253886010362694,1,0.07142857142857142,2,0.010362694300518135,1,0.07142857142857142,9,0.046632124352331605,1,0.07142857142857142,9,0.046632124352331605,6,0.42857142857142855,150,0.7772020725388601,5,0.35714285714285715,149,0.772020725388601,8,0.5714285714285714,161,0.8341968911917098,7,0.5,160,0.8290155440414507,14,1,0.07142857142857142,193,1,0.0051813471502590676,14,1,0.07142857142857142,193,1,0.0051813471502590676,1,0.07142857142857142,1,0.0051813471502590676,14,0,0,193,0,0,7,151,3,0.42857142857142855,141,0.9337748344370861,0,0,0,0,0,0,0,0,13,184,4,0.3076923076923077,22,0.11956521739130435,0,0,0,0,4,0.3076923076923077,22,0.11956521739130435,2,0,11,0,13,184,2,0,11,0,12,174,8,0.6666666666666666,168,0.9655172413793104,2,0.16666666666666666,3,0.017241379310344827,2,0.16666666666666666,3,0.017241379310344827,24,5.8468390804597705,1,1,0,0,0,0,1,1,1,1,6,150,6,1,150,1,25.957666666666665,51.5
412SINGSP_2021-07-12_TerInvt_V_DS_1,412SINGSP,2021-07-12T00:00:00Z,TerInvt_V_DS,1,4,6,3,0.75,3,0.5,1,0.25,3,0.5,2,0.5,2,0.3333333333333333,1,0.25,3,0.5,1,0.25,3,0.5,0,0,0,0,0,0,0,0,3,0.75,5,0.8333333333333333,3,0.75,5,0.8333333333333333,4,0,0,6,0,0,4,0,0,6,0,0,0,0,0,0,4,0,0,6,0,0,3,3,0,0,0,0,1,0.3333333333333333,1,0.3333333333333333,0,0,0,0,4,6,1,0.25,1,0.16666666666666666,0,0,0,0,1,0.25,1,0.16666666666666666,1,0,3,0,4,6,1,0,3,0,4,4,3,0.75,3,0.75,1,0.25,1,0.25,0,0,0,0,11.5,7.61875,3,3,0,0,0,0,2,0.6666666666666666,2,0.6666666666666666,0,0,0,NA,0,NA,NA,-Inf
902SGCGKR_2021-06-08_TerInvt_T_DS_1,902SGCGKR,2021-06-08T00:00:00Z,TerInvt_T_DS,1,14,64,10,0.7142857142857143,41,0.640625,4,0.2857142857142857,23,0.359375,0,0,0,0,1,0.07142857142857142,2,0.03125,1,0.07142857142857142,2,0.03125,3,0.21428571428571427,30,0.46875,2,0.14285714285714285,2,0.03125,4,0.2857142857142857,32,0.5,3,0.21428571428571427,4,0.0625,14,1,0.07142857142857142,64,28,0.4375,14,1,0.07142857142857142,64,28,0.4375,1,0.07142857142857142,28,0.4375,14,0,0,64,0,0,5,34,2,0.4,4,0.11764705882352941,0,0,0,0,0,0,0,0,12,58,3,0.25,5,0.08620689655172414,0,0,0,0,3,0.25,5,0.08620689655172414,3,0,20,0,12,58,3,0,20,0,8,39,5,0.625,34,0.8717948717948718,0,0,0,0,3,0.375,5,0.1282051282051282,30,5.026666666666666,0,0,0,NA,0,NA,0,NA,0,NA,3,30,3,1,30,1,14.873333333333333,51.5
902SGCGKR_2021-06-08_TerInvt_V_DS_1,902SGCGKR,2021-06-08T00:00:00Z,TerInvt_V_DS,1,4,13,2,0.5,11,0.8461538461538461,2,0.5,2,0.15384615384615385,0,0,0,0,1,0.25,1,0.07692307692307693,1,0.25,1,0.07692307692307693,1,0.25,8,0.6153846153846154,0,0,0,0,2,0.5,9,0.6923076923076923,1,0.25,1,0.07692307692307693,4,1,0.25,13,8,0.6153846153846154,4,1,0.25,13,8,0.6153846153846154,1,0.25,8,0.6153846153846154,4,0,0,13,0,0,2,9,1,0.5,1,0.1111111111111111,0,0,0,0,0,0,0,0,4,13,1,0.25,1,0.07692307692307693,0,0,0,0,1,0.25,1,0.07692307692307693,1,0,1,0,4,13,1,0,1,0,3,10,2,0.6666666666666666,9,0.9,1,0.3333333333333333,1,0.1,0,0,0,0,9.5,2.225,1,1,0,0,0,0,1,1,1,1,2,9,2,1,9,1,14,44
904SAXONY_2021-08-01_TerInvt_T_DS_1,904SAXONY,2021-08-01T00:00:00Z,TerInvt_T_DS,1,10,143,6,0.6,132,0.9230769230769231,4,0.4,11,0.07692307692307693,4,0.4,14,0.0979020979020979,2,0.2,4,0.027972027972027972,2,0.2,4,0.027972027972027972,1,0.1,115,0.8041958041958042,0,0,0,0,7,0.7000000000000001,133,0.93006993006993,6,0.6000000000000001,18,0.1258741258741259,10,2,0.2,143,120,0.8391608391608392,10,2,0.2,143,120,0.8391608391608392,1,0.1,115,0.8041958041958042,10,0,0,143,0,0,8,137,5,0.625,20,0.145985401459854,1,0.125,1,0.0072992700729927005,0,0,0,0,9,140,1,0.1111111111111111,5,0.03571428571428571,1,0.1111111111111111,1,0.007142857142857143,2,0.2222222222222222,6,0.04285714285714286,6,0.1111111111111111,19,0.007142857142857143,9,140,6,0.1111111111111111,19,0.007142857142857143,8,137,3,0.375,117,0.8540145985401459,3,0.375,18,0.13138686131386862,2,0.25,2,0.014598540145985401,18.6,3.4243065693430657,6,17,0,0,0,0,6,1,17,1,3,121,2,0.6666666666666666,116,0.9586776859504132,13.920833333333333,51.1
904SAXONY_2021-08-01_TerInvt_V_DS_1,904SAXONY,2021-08-01T00:00:00Z,TerInvt_V_DS,1,13,146,9,0.6923076923076923,133,0.910958904109589,4,0.3076923076923077,13,0.08904109589041095,2,0.15384615384615385,4,0.0273972602739726,3,0.23076923076923078,12,0.0821917808219178,3,0.23076923076923078,12,0.0821917808219178,1,0.07692307692307693,88,0.6027397260273972,0,0,0,0,6,0.46153846153846156,104,0.7123287671232876,5,0.38461538461538464,16,0.1095890410958904,13,2,0.15384615384615385,146,89,0.6095890410958904,13,2,0.15384615384615385,146,89,0.6095890410958904,1,0.07692307692307693,88,0.6027397260273972,13,0,0,146,0,0,9,109,3,0.3333333333333333,8,0.07339449541284404,4,0.4444444444444444,6,0.05504587155963303,0,0,0,0,13,119,1,0.07692307692307693,1,0.008403361344537815,0,0,0,0,1,0.07692307692307693,1,0.008403361344537815,4,0,14,0,13,119,2,0,6,0,12,115,9,0.75,105,0.9130434782608695,3,0.25,10,0.08695652173913043,0,0,0,0,15.75,3.3421739130434784,7,20,0,0,0,0,6,0.8571428571428571,13,0.65,2,89,1,0.5,88,0.9887640449438202,13.978651685393258,44
904UNTSE1_2021-07-29_TerInvt_T_DS_1,904UNTSE1,2021-07-29T00:00:00Z,TerInvt_T_DS,1,10,450,7,0.7,438,0.9733333333333334,3,0.3,12,0.02666666666666667,1,0.1,2,0.0044444444444444444,1,0.1,10,0.022222222222222223,1,0.1,10,0.022222222222222223,1,0.1,429,0.9533333333333334,0,0,1,0.0022222222222222222,3,0.30000000000000004,441,0.98,2,0.2,13,0.02888888888888889,10,2,0.2,450,429,0.9533333333333334,10,2,0.2,450,429,0.9533333333333334,1,0.1,428,0.9511111111111111,10,0,0,450,0,0,5,437,3,0.6,8,0.018306636155606407,1,0.2,1,0.002288329519450801,0,0,0,0,9,446,4,0.4444444444444444,5,0.011210762331838564,0,0,0,0,4,0.4444444444444444,5,0.011210762331838564,1,0,10,0,9,446,1,0,10,0,7,440,3,0.42857142857142855,430,0.9772727272727273,3,0.42857142857142855,8,0.01818181818181818,1,0.14285714285714285,2,0.004545454545454545,24,1.7671022727272727,2,7,0,0,0,0,1,0.5,6,0.8571428571428571,2,429,1,0.5,428,0.9976689976689976,13.995571095571096,44
904UNTSE1_2021-07-29_TerInvt_V_DS_1,904UNTSE1,2021-07-29T00:00:00Z,TerInvt_V_DS,1,9,52,4,0.4444444444444444,36,0.6923076923076923,5,0.5555555555555556,16,0.3076923076923077,0,0,0,0,4,0.4444444444444444,15,0.28846153846153844,4,0.4444444444444444,15,0.28846153846153844,1,0.1111111111111111,30,0.5769230769230769,0,0,0,0,5,0.5555555555555556,45,0.8653846153846153,4,0.4444444444444444,15,0.28846153846153844,9,1,0.1111111111111111,52,30,0.5769230769230769,9,1,0.1111111111111111,52,30,0.5769230769230769,1,0.1111111111111111,30,0.5769230769230769,9,0,0,52,0,0,4,44,1,0.25,1,0.022727272727272728,0,0,0,0,0,0,0,0,9,52,1,0.1111111111111111,1,0.019230769230769232,0,0,0,0,1,0.1111111111111111,1,0.019230769230769232,4,0,15,0,9,52,3,0,9,0,8,51,5,0.625,37,0.7254901960784313,3,0.375,14,0.27450980392156865,0,0,0,0,15.75,4.872549019607843,3,14,0,0,0,0,1,0.3333333333333333,1,0.07142857142857142,1,30,1,1,30,1,14,44
904UNTSE2_2021-08-02_TerInvt_T_DS_1,904UNTSE2,2021-08-02T00:00:00Z,TerInvt_T_DS,1,9,140,6,0.6666666666666666,120,0.8571428571428571,3,0.3333333333333333,20,0.14285714285714285,1,0.1111111111111111,1,0.007142857142857143,1,0.1111111111111111,15,0.10714285714285714,1,0.1111111111111111,15,0.10714285714285714,2,0.2222222222222222,113,0.8071428571428572,1,0.1111111111111111,12,0.08571428571428572,4,0.4444444444444444,129,0.9214285714285715,3,0.3333333333333333,28,0.2,9,1,0.1111111111111111,140,101,0.7214285714285714,9,1,0.1111111111111111,140,101,0.7214285714285714,1,0.1111111111111111,101,0.7214285714285714,9,0,0,140,0,0,4,113,1,0.25,5,0.04424778761061947,0,0,0,0,1,0.25,1,0.008849557522123894,8,129,1,0.125,2,0.015503875968992248,0,0,0,0,1,0.125,2,0.015503875968992248,3,0,19,0,8,129,2,0,13,0,7,117,6,0.8571428571428571,116,0.9914529914529915,1,0.14285714285714285,1,0.008547008547008548,0,0,0,0,13,2.043162393162393,2,7,0,0,0,0,1,0.5,1,0.14285714285714285,2,106,2,1,106,1,14.653301886792454,51.1
904UNTSE2_2021-08-02_TerInvt_V_DS_1,904UNTSE2,2021-08-02T00:00:00Z,TerInvt_V_DS,1,13,65,8,0.6153846153846154,52,0.8,5,0.38461538461538464,13,0.2,2,0.15384615384615385,4,0.06153846153846154,4,0.3076923076923077,12,0.18461538461538463,4,0.3076923076923077,12,0.18461538461538463,1,0.07692307692307693,34,0.5230769230769231,0,0,0,0,7,0.5384615384615385,50,0.7692307692307693,6,0.46153846153846156,16,0.24615384615384617,13,1,0.07692307692307693,65,34,0.5230769230769231,13,1,0.07692307692307693,65,34,0.5230769230769231,1,0.07692307692307693,34,0.5230769230769231,13,0,0,65,0,0,7,48,1,0.14285714285714285,1,0.020833333333333332,3,0.42857142857142855,4,0.08333333333333333,0,0,0,0,13,62,0,0,0,0,0,0,0,0,0,0,0,0,6,0,14,0,13,62,5,0,6,0,11,56,7,0.6363636363636364,44,0.7857142857142857,4,0.36363636363636365,12,0.21428571428571427,0,0,0,0,15.75,4.836607142857143,6,14,0,0,0,0,4,0.6666666666666666,5,0.35714285714285715,1,34,1,1,34,1,14,44
905SMCRAM_2021-08-03_TerInvt_T_DS_1,905SMCRAM,2021-08-03T00:00:00Z,TerInvt_T_DS,1,13,34,12,0.9230769230769231,33,0.9705882352941176,1,0.07692307692307693,1,0.029411764705882353,6,0.46153846153846156,11,0.3235294117647059,1,0.07692307692307693,1,0.029411764705882353,1,0.07692307692307693,1,0.029411764705882353,5,0.38461538461538464,19,0.5588235294117647,4,0.3076923076923077,18,0.5294117647058824,12,0.9230769230769231,31,0.911764705882353,11,0.8461538461538463,30,0.8823529411764706,13,1,0.07692307692307693,34,1,0.029411764705882353,13,1,0.07692307692307693,34,1,0.029411764705882353,1,0.07692307692307693,1,0.029411764705882353,13,0,0,34,0,0,10,28,4,0.4,9,0.32142857142857145,2,0.2,2,0.07142857142857142,0,0,0,0,11,30,1,0.09090909090909091,2,0.06666666666666667,0,0,0,0,1,0.09090909090909091,2,0.06666666666666667,2,0,2,0,11,30,2,0,2,0,11,30,8,0.7272727272727273,26,0.8666666666666667,1,0.09090909090909091,1,0.03333333333333333,2,0.18181818181818182,3,0.1,24,5.254333333333333,5,9,0,0,0,0,4,0.8,8,0.8888888888888888,5,19,5,1,19,1,26.00263157894737,51.5
905SMCRAM_2021-08-03_TerInvt_V_DS_1,905SMCRAM,2021-08-03T00:00:00Z,TerInvt_V_DS,1,12,169,8,0.6666666666666666,158,0.9349112426035503,4,0.3333333333333333,11,0.0650887573964497,0,0,0,0,4,0.3333333333333333,11,0.0650887573964497,3,0.25,10,0.05917159763313609,3,0.25,74,0.4378698224852071,3,0.25,74,0.4378698224852071,7,0.5833333333333333,85,0.5029585798816568,6,0.5,84,0.4970414201183432,12,0,0,169,0,0,12,1,0.08333333333333333,169,1,0.005917159763313609,0,0,0,0,12,0,0,169,0,0,7,85,0,0,0,0,0,0,0,0,1,0.14285714285714285,1,0.011764705882352941,12,169,0,0,0,0,0,0,0,0,0,0,0,0,5,0,12,0,12,169,3,0,4,0,11,167,9,0.8181818181818182,158,0.9461077844311377,2,0.18181818181818182,9,0.05389221556886228,0,0,0,0,15.75,3.7649700598802394,4,11,0,0,0,0,1,0.25,1,0.09090909090909091,2,71,2,1,71,1,26.83169014084507,51.2
905UNTGVC_2021-07-31_TerInvt_T_DS_1,905UNTGVC,2021-07-31T00:00:00Z,TerInvt_T_DS,1,12,31,6,0.5,22,0.7096774193548387,6,0.5,9,0.2903225806451613,3,0.25,4,0.12903225806451613,4,0.3333333333333333,7,0.22580645161290322,4,0.3333333333333333,7,0.22580645161290322,2,0.16666666666666666,16,0.5161290322580645,1,0.08333333333333333,1,0.03225806451612903,9,0.7499999999999999,27,0.8709677419354839,8,0.6666666666666666,12,0.3870967741935484,12,2,0.16666666666666666,31,16,0.5161290322580645,12,2,0.16666666666666666,31,16,0.5161290322580645,1,0.08333333333333333,15,0.4838709677419355,12,0,0,31,0,0,9,27,7,0.7777777777777778,11,0.4074074074074074,0,0,0,0,0,0,0,0,11,29,2,0.18181818181818182,2,0.06896551724137931,1,0.09090909090909091,1,0.034482758620689655,3,0.2727272727272727,3,0.10344827586206896,5,0.09090909090909091,9,0.034482758620689655,11,29,4,0.09090909090909091,6,0.034482758620689655,11,29,6,0.5454545454545454,22,0.7586206896551724,4,0.36363636363636365,6,0.20689655172413793,1,0.09090909090909091,1,0.034482758620689655,18.6,4.701724137931034,6,10,0,0,0,0,6,1,10,1,5,21,4,0.8,20,0.9523809523809523,14.573529411764707,51.1
905UNTGVC_2021-07-31_TerInvt_V_DS_1,905UNTGVC,2021-07-31T00:00:00Z,TerInvt_V_DS,1,10,92,7,0.7,83,0.9021739130434783,3,0.3,9,0.09782608695652174,0,0,0,0,3,0.3,9,0.09782608695652174,3,0.3,9,0.09782608695652174,2,0.2,49,0.532608695652174,1,0.1,42,0.45652173913043476,5,0.5,58,0.6304347826086957,4,0.4,51,0.5543478260869565,10,1,0.1,92,7,0.07608695652173914,10,1,0.1,92,7,0.07608695652173914,1,0.1,7,0.07608695652173914,10,0,0,92,0,0,5,58,1,0.2,42,0.7241379310344828,0,0,0,0,0,0,0,0,9,84,0,0,0,0,0,0,0,0,0,0,0,0,3,0,9,0,9,84,1,0,2,0,9,84,7,0.7777777777777778,77,0.9166666666666666,2,0.2222222222222222,7,0.08333333333333333,0,0,0,0,15.75,3.582738095238095,3,9,0,0,0,0,0,0,0,0,2,49,2,1,49,1,23.428571428571427,44
906UNTLPE_2021-07-21_TerInvt_T_DS_1,906UNTLPE,2021-07-21T00:00:00Z,TerInvt_T_DS,1,11,60,10,0.9090909090909091,57,0.95,1,0.09090909090909091,3,0.05,1,0.09090909090909091,1,0.016666666666666666,1,0.09090909090909091,3,0.05,1,0.09090909090909091,3,0.05,3,0.2727272727272727,31,0.5166666666666667,1,0.09090909090909091,2,0.03333333333333333,5,0.45454545454545453,35,0.5833333333333334,3,0.2727272727272727,6,0.1,11,2,0.18181818181818182,60,29,0.48333333333333334,11,2,0.18181818181818182,60,29,0.48333333333333334,1,0.09090909090909091,28,0.4666666666666667,11,0,0,60,0,0,5,34,3,0.6,5,0.14705882352941177,0,0,0,0,0,0,0,0,10,41,4,0.4,4,0.0975609756097561,0,0,0,0,4,0.4,4,0.0975609756097561,1,0,3,0,10,41,1,0,3,0,9,39,7,0.7777777777777778,36,0.9230769230769231,2,0.2222222222222222,3,0.07692307692307693,0,0,0,0,11,2.828205128205128,2,3,0,0,0,0,2,1,3,1,2,30,2,1,30,1,14.923333333333334,51.1
906UNTLPE_2021-07-21_TerInvt_V_DS_1,906UNTLPE,2021-07-21T00:00:00Z,TerInvt_V_DS,1,21,165,15,0.7142857142857143,107,0.6484848484848484,6,0.2857142857142857,58,0.3515151515151515,4,0.19047619047619047,18,0.10909090909090909,6,0.2857142857142857,58,0.3515151515151515,5,0.23809523809523808,54,0.32727272727272727,1,0.047619047619047616,35,0.21212121212121213,0,0,0,0,11,0.5238095238095237,111,0.6727272727272727,9,0.42857142857142855,72,0.43636363636363634,21,1,0.047619047619047616,165,35,0.21212121212121213,21,2,0.09523809523809523,165,39,0.23636363636363636,1,0.047619047619047616,35,0.21212121212121213,21,0,0,165,0,0,10,83,1,0.1,2,0.024096385542168676,3,0.3,14,0.1686746987951807,1,0.1,4,0.04819277108433735,20,152,0,0,0,0,2,0.1,3,0.019736842105263157,2,0.1,3,0.019736842105263157,7,0.1,70,0.019736842105263157,20,152,5,0.1,49,0.019736842105263157,19,127,14,0.7368421052631579,106,0.8346456692913385,5,0.2631578947368421,21,0.16535433070866143,0,0,0,0,15.75,5.08248031496063,9,48,0,0,0,0,6,0.6666666666666666,21,0.4375,1,35,1,1,35,1,14,44
906UPCAKS_2021-07-24_TerInvt_T_DS_1,906UPCAKS,2021-07-24T00:00:00Z,TerInvt_T_DS,1,12,67,10,0.8333333333333334,61,0.9104477611940298,2,0.16666666666666666,6,0.08955223880597014,3,0.25,28,0.417910447761194,2,0.16666666666666666,6,0.08955223880597014,1,0.08333333333333333,1,0.014925373134328358,2,0.16666666666666666,7,0.1044776119402985,1,0.08333333333333333,1,0.014925373134328358,7,0.5833333333333333,41,0.6119402985074627,5,0.41666666666666663,30,0.4477611940298507,12,2,0.16666666666666666,67,10,0.14925373134328357,12,3,0.25,67,15,0.22388059701492538,1,0.08333333333333333,6,0.08955223880597014,12,0,0,67,0,0,9,42,5,0.5555555555555556,8,0.19047619047619047,3,0.3333333333333333,28,0.6666666666666666,0,0,0,0,11,50,0,0,0,0,0,0,0,0,0,0,0,0,3,0,7,0,11,50,2,0,2,0,11,50,6,0.5454545454545454,42,0.84,2,0.18181818181818182,5,0.1,3,0.2727272727272727,3,0.06,20,4.654,6,31,1,0.16666666666666666,1,0.03225806451612903,5,0.8333333333333334,30,0.967741935483871,3,8,3,1,8,1,15.571428571428571,51.1
906UPCAKS_2021-07-24_TerInvt_V_DS_1,906UPCAKS,2021-07-24T00:00:00Z,TerInvt_V_DS,1,11,248,8,0.7272727272727273,236,0.9516129032258065,3,0.2727272727272727,12,0.04838709677419355,0,0,0,0,3,0.2727272727272727,12,0.04838709677419355,2,0.18181818181818182,11,0.04435483870967742,2,0.18181818181818182,16,0.06451612903225806,1,0.09090909090909091,7,0.028225806451612902,5,0.45454545454545453,28,0.11290322580645161,3,0.2727272727272727,18,0.07258064516129033,11,1,0.09090909090909091,248,9,0.036290322580645164,11,2,0.18181818181818182,248,10,0.04032258064516129,1,0.09090909090909091,9,0.036290322580645164,11,0,0,248,0,0,7,33,1,0.14285714285714285,7,0.21212121212121213,2,0.2857142857142857,5,0.15151515151515152,1,0.14285714285714285,1,0.030303030303030304,10,241,0,0,0,0,0,0,0,0,0,0,0,0,3,0,12,0,10,241,2,0,2,0,10,241,8,0.8,230,0.9543568464730291,2,0.2,11,0.04564315352697095,0,0,0,0,15.75,3.7224066390041495,5,17,0,0,0,0,3,0.6,6,0.35294117647058826,2,16,2,1,16,1,18.8125,44
907SDT163_2021-07-20_TerInvt_T_DS_1,907SDT163,2021-07-20T00:00:00Z,TerInvt_T_DS,1,14,85,7,0.5,52,0.611764705882353,7,0.5,33,0.38823529411764707,1,0.07142857142857142,1,0.011764705882352941,4,0.2857142857142857,8,0.09411764705882353,3,0.21428571428571427,6,0.07058823529411765,1,0.07142857142857142,25,0.29411764705882354,0,0,0,0,6,0.4285714285714285,34,0.4,4,0.2857142857142857,7,0.08235294117647059,14,3,0.21428571428571427,85,30,0.35294117647058826,14,4,0.2857142857142857,85,32,0.3764705882352941,1,0.07142857142857142,25,0.29411764705882354,14,0,0,85,0,0,5,33,3,0.6,7,0.21212121212121213,0,0,0,0,0,0,0,0,13,78,2,0.15384615384615385,24,0.3076923076923077,1,0.07692307692307693,1,0.01282051282051282,3,0.23076923076923078,25,0.32051282051282054,5,0.07692307692307693,9,0.01282051282051282,13,78,4,0.07692307692307693,8,0.01282051282051282,11,74,5,0.45454545454545453,63,0.8513513513513513,6,0.5454545454545454,11,0.14864864864864866,0,0,0,0,13,2.7837837837837838,2,3,0,0,0,0,1,0.5,2,0.6666666666666666,2,26,1,0.5,25,0.9615384615384616,13.926923076923078,44
907SDT163_2021-07-20_TerInvt_V_DS_1,907SDT163,2021-07-20T00:00:00Z,TerInvt_V_DS,1,11,115,10,0.9090909090909091,106,0.9217391304347826,1,0.09090909090909091,9,0.0782608695652174,2,0.18181818181818182,12,0.10434782608695652,1,0.09090909090909091,9,0.0782608695652174,1,0.09090909090909091,9,0.0782608695652174,2,0.18181818181818182,37,0.3217391304347826,1,0.09090909090909091,1,0.008695652173913044,5,0.45454545454545453,58,0.5043478260869565,4,0.36363636363636365,22,0.19130434782608696,11,2,0.18181818181818182,115,39,0.3391304347826087,11,2,0.18181818181818182,115,39,0.3391304347826087,1,0.09090909090909091,36,0.3130434782608696,11,0,0,115,0,0,5,50,2,0.4,4,0.08,1,0.2,1,0.02,0,0,0,0,9,97,0,0,0,0,1,0.1111111111111111,4,0.041237113402061855,1,0.1111111111111111,4,0.041237113402061855,1,0.1111111111111111,9,0.041237113402061855,9,97,1,0.1111111111111111,9,0.041237113402061855,9,96,7,0.7777777777777778,84,0.875,2,0.2222222222222222,12,0.125,0,0,0,0,13,3.0080729166666664,2,10,0,0,0,0,1,0.5,1,0.1,2,37,2,1,37,1,14.297297297297296,44
907SDTJHN_2021-07-30_TerInvt_T_DS_1,907SDTJHN,2021-07-30T00:00:00Z,TerInvt_T_DS,1,9,36,6,0.6666666666666666,28,0.7777777777777778,3,0.3333333333333333,8,0.2222222222222222,1,0.1111111111111111,2,0.05555555555555555,1,0.1111111111111111,6,0.16666666666666666,1,0.1111111111111111,6,0.16666666666666666,2,0.2222222222222222,21,0.5833333333333334,1,0.1111111111111111,4,0.1111111111111111,4,0.4444444444444444,29,0.8055555555555556,3,0.3333333333333333,12,0.3333333333333333,9,2,0.2222222222222222,36,18,0.5,9,2,0.2222222222222222,36,18,0.5,1,0.1111111111111111,17,0.4722222222222222,9,0,0,36,0,0,5,28,3,0.6,9,0.32142857142857145,0,0,0,0,1,0.2,2,0.07142857142857142,8,33,1,0.125,1,0.030303030303030304,0,0,0,0,1,0.125,1,0.030303030303030304,3,0,8,0,8,33,3,0,8,0,6,29,3,0.5,23,0.7931034482758621,2,0.3333333333333333,5,0.1724137931034483,1,0.16666666666666666,1,0.034482758620689655,37.5,4.453448275862069,2,6,0,0,0,0,2,1,6,1,3,22,2,0.6666666666666666,21,0.9545454545454546,15.913636363636364,44
907SDTJHN_2021-07-30_TerInvt_V_DS_1,907SDTJHN,2021-07-30T00:00:00Z,TerInvt_V_DS,1,13,394,9,0.6923076923076923,380,0.9644670050761421,4,0.3076923076923077,14,0.03553299492385787,1,0.07692307692307693,5,0.012690355329949238,4,0.3076923076923077,14,0.03553299492385787,3,0.23076923076923078,13,0.03299492385786802,1,0.07692307692307693,322,0.817258883248731,0,0,0,0,6,0.46153846153846156,341,0.8654822335025381,4,0.3076923076923077,18,0.04568527918781726,13,1,0.07692307692307693,394,322,0.817258883248731,13,2,0.15384615384615385,394,323,0.8197969543147208,1,0.07692307692307693,322,0.817258883248731,13,0,0,394,0,0,5,331,1,0.2,1,0.0030211480362537764,0,0,0,0,1,0.2,1,0.0030211480362537764,11,387,0,0,0,0,0,0,0,0,0,0,0,0,4,0,14,0,11,387,3,0,11,0,10,381,6,0.6,372,0.9763779527559056,4,0.4,9,0.023622047244094488,0,0,0,0,15.75,2.088320209973753,4,9,0,0,0,0,2,0.5,2,0.2222222222222222,1,322,1,1,322,1,14,44
907UNAACR_2021-07-28_TerInvt_T_DS_1,907UNAACR,2021-07-28T00:00:00Z,TerInvt_T_DS,1,6,15,5,0.8333333333333334,14,0.9333333333333333,1,0.16666666666666666,1,0.06666666666666667,0,0,0,0,0,0,0,0,0,0,0,0,1,0.16666666666666666,9,0.6,0,0,0,0,1,0.16666666666666666,9,0.6,0,0,0,0,6,1,0.16666666666666666,15,9,0.6,6,1,0.16666666666666666,15,9,0.6,1,0.16666666666666666,9,0.6,6,0,0,15,0,0,1,9,0,0,0,0,0,0,0,0,0,0,0,0,5,13,0,0,0,0,0,0,0,0,0,0,0,0,1,0,1,0,5,13,1,0,1,0,4,12,4,1,12,1,0,0,0,0,0,0,0,0,3.25,1.6666666666666667,0,0,0,NA,0,NA,0,NA,0,NA,1,9,1,1,9,1,14,44
907UNAACR_2021-07-28_TerInvt_V_DS_1,907UNAACR,2021-07-28T00:00:00Z,TerInvt_V_DS,1,7,103,6,0.8571428571428571,99,0.9611650485436893,1,0.14285714285714285,4,0.038834951456310676,1,0.14285714285714285,1,0.009708737864077669,1,0.14285714285714285,4,0.038834951456310676,1,0.14285714285714285,4,0.038834951456310676,1,0.14285714285714285,93,0.9029126213592233,0,0,0,0,3,0.42857142857142855,98,0.9514563106796117,2,0.2857142857142857,5,0.04854368932038834,7,1,0.14285714285714285,103,93,0.9029126213592233,7,1,0.14285714285714285,103,93,0.9029126213592233,1,0.14285714285714285,93,0.9029126213592233,7,0,0,103,0,0,4,99,0,0,0,0,2,0.5,2,0.020202020202020204,0,0,0,0,7,102,0,0,0,0,0,0,0,0,0,0,0,0,1,0,4,0,7,102,0,0,0,0,7,102,4,0.5714285714285714,96,0.9411764705882353,2,0.2857142857142857,5,0.049019607843137254,1,0.14285714285714285,1,0.00980392156862745,18,2.365686274509804,3,6,0,0,0,0,2,0.6666666666666666,2,0.3333333333333333,1,93,1,1,93,1,14,44
907UNTPCD_2021-08-04_TerInvt_T_DS_1,907UNTPCD,2021-08-04T00:00:00Z,TerInvt_T_DS,1,9,127,4,0.4444444444444444,105,0.8267716535433071,5,0.5555555555555556,22,0.1732283464566929,2,0.2222222222222222,3,0.023622047244094488,3,0.3333333333333333,6,0.047244094488188976,3,0.3333333333333333,6,0.047244094488188976,1,0.1111111111111111,99,0.7795275590551181,0,0,0,0,6,0.6666666666666667,108,0.8503937007874015,5,0.5555555555555556,9,0.07086614173228346,9,1,0.1111111111111111,127,99,0.7795275590551181,9,1,0.1111111111111111,127,99,0.7795275590551181,1,0.1111111111111111,99,0.7795275590551181,9,0,0,127,0,0,5,106,2,0.4,3,0.02830188679245283,0,0,0,0,1,0.2,1,0.009433962264150943,9,125,1,0.1111111111111111,7,0.056,0,0,0,0,1,0.1111111111111111,7,0.056,5,0,17,0,9,125,5,0,17,0,8,115,4,0.5,108,0.9391304347826087,4,0.5,7,0.06086956521739131,0,0,0,0,15.7,2.1139130434782607,4,7,0,0,0,0,3,0.75,4,0.5714285714285714,1,99,1,1,99,1,14,44
907UNTPCD_2021-08-04_TerInvt_V_DS_1,907UNTPCD,2021-08-04T00:00:00Z,TerInvt_V_DS,1,8,486,6,0.75,481,0.9897119341563786,2,0.25,5,0.0102880658436214,1,0.125,1,0.00205761316872428,2,0.25,5,0.0102880658436214,2,0.25,5,0.0102880658436214,2,0.25,379,0.779835390946502,1,0.125,1,0.00205761316872428,5,0.625,385,0.7921810699588476,4,0.5,7,0.01440329218106996,8,1,0.125,486,378,0.7777777777777778,8,1,0.125,486,378,0.7777777777777778,1,0.125,378,0.7777777777777778,8,0,0,486,0,0,5,385,0,0,0,0,1,0.2,1,0.0025974025974025974,0,0,0,0,8,398,0,0,0,0,0,0,0,0,0,0,0,0,3,0,6,0,8,398,2,0,3,0,8,398,6,0.75,393,0.9874371859296482,2,0.25,5,0.01256281407035176,0,0,0,0,15.75,1.7410175879396983,3,6,0,0,0,0,1,0.3333333333333333,1,0.16666666666666666,2,379,2,1,379,1,14.036411609498682,51.2
907UTSVC1_2021-08-05_TerInvt_T_DS_1,907UTSVC1,2021-08-05T00:00:00Z,TerInvt_T_DS,1,4,48,2,0.5,42,0.875,2,0.5,6,0.125,0,0,0,0,2,0.5,6,0.125,1,0.25,2,0.041666666666666664,1,0.25,41,0.8541666666666666,0,0,0,0,3,0.75,47,0.9791666666666666,1,0.25,2,0.041666666666666664,4,1,0.25,48,41,0.8541666666666666,4,2,0.5,48,45,0.9375,1,0.25,41,0.8541666666666666,4,0,0,48,0,0,2,43,0,0,0,0,0,0,0,0,0,0,0,0,4,48,0,0,0,0,0,0,0,0,0,0,0,0,2,0,6,0,4,48,0,0,0,0,4,48,3,0.75,46,0.9583333333333334,1,0.25,2,0.041666666666666664,0,0,0,0,15.75,2.1999999999999997,1,2,0,0,0,0,0,0,0,0,1,41,1,1,41,1,14,44
907UTSVC1_2021-08-05_TerInvt_V_DS_1,907UTSVC1,2021-08-05T00:00:00Z,TerInvt_V_DS,1,6,54,3,0.5,46,0.8518518518518519,3,0.5,8,0.14814814814814814,1,0.16666666666666666,2,0.037037037037037035,3,0.5,8,0.14814814814814814,2,0.3333333333333333,7,0.12962962962962962,1,0.16666666666666666,36,0.6666666666666666,0,0,0,0,5,0.8333333333333333,46,0.8518518518518519,3,0.5,9,0.16666666666666666,6,1,0.16666666666666666,54,36,0.6666666666666666,6,2,0.3333333333333333,54,37,0.6851851851851852,1,0.16666666666666666,36,0.6666666666666666,6,0,0,54,0,0,3,40,0,0,0,0,0,0,0,0,0,0,0,0,5,52,0,0,0,0,0,0,0,0,0,0,0,0,3,0,8,0,5,52,1,0,6,0,5,49,3,0.6,45,0.9183673469387755,2,0.4,4,0.08163265306122448,0,0,0,0,15.75,2.7,2,4,0,0,0,0,0,0,0,0,1,36,1,1,36,1,14,44
907UTSVC3_2021-08-04_TerInvt_T_DS_1,907UTSVC3,2021-08-04T00:00:00Z,TerInvt_T_DS,1,16,78,12,0.75,54,0.6923076923076923,4,0.25,24,0.3076923076923077,3,0.1875,4,0.05128205128205128,1,0.0625,1,0.01282051282051282,1,0.0625,1,0.01282051282051282,4,0.25,32,0.41025641025641024,4,0.25,32,0.41025641025641024,8,0.5,37,0.47435897435897434,8,0.5,37,0.47435897435897434,16,1,0.0625,78,3,0.038461538461538464,16,1,0.0625,78,3,0.038461538461538464,0,0,0,0,16,0,0,78,0,0,7,37,4,0.5714285714285714,18,0.4864864864864865,1,0.14285714285714285,1,0.02702702702702703,0,0,0,0,14,65,5,0.35714285714285715,12,0.18461538461538463,0,0,0,0,5,0.35714285714285715,12,0.18461538461538463,2,0,18,0,14,65,1,0,17,0,13,48,10,0.7692307692307693,42,0.875,2,0.15384615384615385,4,0.08333333333333333,1,0.07692307692307693,2,0.041666666666666664,24,4.307916666666666,2,2,0,0,0,0,2,1,2,1,5,35,4,0.8,32,0.9142857142857143,26.655714285714286,53.2
907UTSVC3_2021-08-04_TerInvt_V_DS_1,907UTSVC3,2021-08-04T00:00:00Z,TerInvt_V_DS,1,4,8,3,0.75,7,0.875,1,0.25,1,0.125,0,0,0,0,1,0.25,1,0.125,1,0.25,1,0.125,0,0,0,0,0,0,0,0,1,0.25,1,0.125,1,0.25,1,0.125,4,0,0,8,0,0,4,0,0,8,0,0,0,0,0,0,4,0,0,8,0,0,1,5,0,0,0,0,0,0,0,0,1,1,5,1,4,8,0,0,0,0,0,0,0,0,0,0,0,0,2,0,6,0,4,8,2,0,6,0,3,7,3,1,7,1,0,0,0,0,0,0,0,0,4.4,3.2357142857142853,1,5,0,0,0,0,1,1,5,1,0,0,0,NA,0,NA,NA,-Inf
908PVCUPP_2021-07-27_TerInvt_T_DS_1,908PVCUPP,2021-07-27T00:00:00Z,TerInvt_T_DS,1,8,50,6,0.75,43,0.86,2,0.25,7,0.14,0,0,0,0,2,0.25,7,0.14,1,0.125,3,0.06,2,0.25,31,0.62,1,0.125,2,0.04,4,0.5,38,0.76,2,0.25,5,0.1,8,2,0.25,50,30,0.6,8,3,0.375,50,34,0.68,1,0.125,29,0.58,8,0,0,50,0,0,5,36,4,0.8,7,0.19444444444444445,0,0,0,0,0,0,0,0,7,42,1,0.14285714285714285,1,0.023809523809523808,0,0,0,0,1,0.14285714285714285,1,0.023809523809523808,2,0,7,0,7,42,2,0,7,0,7,42,3,0.42857142857142855,33,0.7857142857142857,3,0.42857142857142855,8,0.19047619047619047,1,0.14285714285714285,1,0.023809523809523808,30,4.023809523809524,1,3,0,0,0,0,1,1,3,1,2,31,2,1,31,1,15,52.7
908PVCUPP_2021-07-27_TerInvt_V_DS_1,908PVCUPP,2021-07-27T00:00:00Z,TerInvt_V_DS,1,9,90,6,0.6666666666666666,81,0.9,3,0.3333333333333333,9,0.1,1,0.1111111111111111,1,0.011111111111111112,2,0.2222222222222222,7,0.07777777777777778,2,0.2222222222222222,7,0.07777777777777778,1,0.1111111111111111,51,0.5666666666666667,0,0,0,0,4,0.4444444444444444,59,0.6555555555555556,3,0.3333333333333333,8,0.08888888888888889,9,1,0.1111111111111111,90,51,0.5666666666666667,9,1,0.1111111111111111,90,51,0.5666666666666667,1,0.1111111111111111,51,0.5666666666666667,9,0,0,90,0,0,3,56,0,0,0,0,0,0,0,0,0,0,0,0,9,86,0,0,0,0,1,0.1111111111111111,1,0.011627906976744186,1,0.1111111111111111,1,0.011627906976744186,3,0.1111111111111111,9,0.011627906976744186,9,86,3,0.1111111111111111,9,0.011627906976744186,7,81,5,0.7142857142857143,74,0.9135802469135802,2,0.2857142857142857,7,0.08641975308641975,0,0,0,0,12.35,3.0833333333333335,2,5,0,0,0,0,1,0.5,1,0.2,1,51,1,1,51,1,14,44
908SSCBD1_2021-07-19_TerInvt_T_DS_1,908SSCBD1,2021-07-19T00:00:00Z,TerInvt_T_DS,1,10,30,7,0.7,23,0.7666666666666667,3,0.3,7,0.23333333333333334,0,0,0,0,2,0.2,6,0.2,1,0.1,2,0.06666666666666667,2,0.2,8,0.26666666666666666,0,0,0,0,4,0.4,14,0.4666666666666667,1,0.1,2,0.06666666666666667,10,2,0.2,30,8,0.26666666666666666,10,3,0.3,30,12,0.4,1,0.1,7,0.23333333333333334,10,0,0,30,0,0,4,11,3,0.75,4,0.36363636363636365,0,0,0,0,0,0,0,0,9,22,0,0,0,0,0,0,0,0,0,0,0,0,3,0,7,0,9,22,2,0,3,0,5,18,4,0.8,16,0.8888888888888888,1,0.2,2,0.1111111111111111,0,0,0,0,9.5,2.552777777777778,1,2,0,0,0,0,1,1,2,1,1,7,1,1,7,1,14,44
908SSCBD1_2021-07-19_TerInvt_V_DS_1,908SSCBD1,2021-07-19T00:00:00Z,TerInvt_V_DS,1,7,96,5,0.7142857142857143,89,0.9270833333333334,2,0.2857142857142857,7,0.07291666666666667,1,0.14285714285714285,1,0.010416666666666666,2,0.2857142857142857,7,0.07291666666666667,2,0.2857142857142857,7,0.07291666666666667,0,0,0,0,0,0,0,0,3,0.42857142857142855,8,0.08333333333333334,3,0.42857142857142855,8,0.08333333333333334,7,0,0,96,0,0,7,0,0,96,0,0,0,0,0,0,7,0,0,96,0,0,2,7,0,0,0,0,0,0,0,0,0,0,0,0,5,83,0,0,0,0,0,0,0,0,0,0,0,0,2,0,7,0,5,83,1,0,2,0,5,83,2,0.4,74,0.891566265060241,3,0.6,9,0.10843373493975904,0,0,0,0,15.75,5.02710843373494,2,7,0,0,0,0,0,0,0,0,0,0,0,NA,0,NA,NA,-Inf
908UTSFC2_2021-07-26_TerInvt_T_DS_1,908UTSFC2,2021-07-26T00:00:00Z,TerInvt_T_DS,1,10,38,8,0.8,32,0.8421052631578947,2,0.2,6,0.15789473684210525,1,0.1,1,0.02631578947368421,2,0.2,6,0.15789473684210525,2,0.2,6,0.15789473684210525,3,0.3,24,0.631578947368421,2,0.2,23,0.6052631578947368,6,0.6000000000000001,31,0.8157894736842105,5,0.5,30,0.7894736842105263,10,2,0.2,38,3,0.07894736842105263,10,2,0.2,38,3,0.07894736842105263,1,0.1,1,0.02631578947368421,10,0,0,38,0,0,7,33,4,0.5714285714285714,30,0.9090909090909091,0,0,0,0,1,0.14285714285714285,1,0.030303030303030304,9,37,0,0,0,0,0,0,0,0,0,0,0,0,2,0,6,0,9,37,2,0,6,0,9,37,6,0.6666666666666666,29,0.7837837837837838,2,0.2222222222222222,3,0.08108108108108109,1,0.1111111111111111,5,0.13513513513513514,18.6,4.972702702702703,3,7,0,0,0,0,3,1,7,1,4,29,4,1,29,1,28.666666666666668,52.7
908UTSFC2_2021-07-26_TerInvt_V_DS_1,908UTSFC2,2021-07-26T00:00:00Z,TerInvt_V_DS,1,16,171,11,0.6875,138,0.8070175438596491,5,0.3125,33,0.19298245614035087,2,0.125,11,0.06432748538011696,5,0.3125,33,0.19298245614035087,4,0.25,31,0.18128654970760233,2,0.125,35,0.2046783625730994,1,0.0625,1,0.005847953216374269,9,0.5625,79,0.4619883040935672,7,0.4375,43,0.25146198830409355,16,1,0.0625,171,34,0.19883040935672514,16,2,0.125,171,36,0.21052631578947367,1,0.0625,34,0.19883040935672514,16,0,0,171,0,0,10,80,2,0.2,11,0.1375,2,0.2,11,0.1375,2,0.2,3,0.0375,15,170,0,0,0,0,0,0,0,0,0,0,0,0,6,0,43,0,15,170,4,0,23,0,14,168,9,0.6428571428571429,136,0.8095238095238095,5,0.35714285714285715,32,0.19047619047619047,0,0,0,0,15.75,4.768601190476191,8,45,0,0,0,0,6,0.75,25,0.5555555555555556,2,35,2,1,35,1,14.442857142857143,52.7
910DENNRY_2021-07-22_TerInvt_T_DS_1,910DENNRY,2021-07-22T00:00:00Z,TerInvt_T_DS,1,14,161,9,0.6428571428571429,127,0.7888198757763976,5,0.35714285714285715,34,0.2111801242236025,2,0.14285714285714285,6,0.037267080745341616,4,0.2857142857142857,33,0.20496894409937888,2,0.14285714285714285,15,0.09316770186335403,1,0.07142857142857142,99,0.6149068322981367,0,0,0,0,7,0.5,138,0.8571428571428572,4,0.2857142857142857,21,0.13043478260869565,14,3,0.21428571428571427,161,102,0.6335403726708074,14,5,0.35714285714285715,161,120,0.7453416149068323,1,0.07142857142857142,99,0.6149068322981367,14,0,0,161,0,0,7,120,5,0.7142857142857143,19,0.15833333333333333,0,0,0,0,0,0,0,0,13,147,3,0.23076923076923078,3,0.02040816326530612,0,0,0,0,3,0.23076923076923078,3,0.02040816326530612,5,0,38,0,13,147,4,0,37,0,13,144,4,0.3076923076923077,104,0.7222222222222222,7,0.5384615384615384,38,0.2638888888888889,2,0.15384615384615385,2,0.013888888888888888,30,4.606249999999999,3,17,0,0,0,0,2,0.6666666666666666,15,0.8823529411764706,2,100,1,0.5,99,0.99,13.981,44
910DENNRY_2021-07-22_TerInvt_V_DS_1,910DENNRY,2021-07-22T00:00:00Z,TerInvt_V_DS,1,9,682,6,0.6666666666666666,675,0.9897360703812317,3,0.3333333333333333,7,0.010263929618768328,0,0,0,0,3,0.3333333333333333,7,0.010263929618768328,3,0.3333333333333333,7,0.010263929618768328,1,0.1111111111111111,537,0.7873900293255132,0,0,0,0,4,0.4444444444444444,544,0.7976539589442815,3,0.3333333333333333,7,0.010263929618768328,9,1,0.1111111111111111,682,537,0.7873900293255132,9,1,0.1111111111111111,682,537,0.7873900293255132,1,0.1111111111111111,537,0.7873900293255132,9,0,0,682,0,0,4,542,0,0,0,0,0,0,0,0,0,0,0,0,9,681,0,0,0,0,0,0,0,0,0,0,0,0,3,0,7,0,9,681,1,0,3,0,8,678,6,0.75,675,0.995575221238938,2,0.25,3,0.004424778761061947,0,0,0,0,15.75,2.139896755162242,3,5,0,0,0,0,0,0,0,0,1,537,1,1,537,1,14,44
911TJPC2x_2021-07-18_TerInvt_T_DS_1,911TJPC2x,2021-07-18T00:00:00Z,TerInvt_T_DS,1,19,61,13,0.6842105263157895,39,0.639344262295082,6,0.3157894736842105,22,0.36065573770491804,1,0.05263157894736842,2,0.03278688524590164,2,0.10526315789473684,11,0.18032786885245902,2,0.10526315789473684,11,0.18032786885245902,8,0.42105263157894735,17,0.2786885245901639,7,0.3684210526315789,16,0.26229508196721313,11,0.5789473684210527,30,0.4918032786885246,10,0.5263157894736842,29,0.4754098360655738,19,2,0.10526315789473684,61,2,0.03278688524590164,19,2,0.10526315789473684,61,2,0.03278688524590164,1,0.05263157894736842,1,0.01639344262295082,19,0,0,61,0,0,13,28,7,0.5384615384615384,14,0.5,0,0,0,0,0,0,0,0,18,43,5,0.2777777777777778,12,0.27906976744186046,0,0,0,0,5,0.2777777777777778,12,0.27906976744186046,4,0,13,0,18,43,4,0,13,0,16,38,12,0.75,28,0.7368421052631579,3,0.1875,9,0.23684210526315788,1,0.0625,1,0.02631578947368421,30,5.757894736842106,3,9,0,0,0,0,2,0.6666666666666666,4,0.4444444444444444,8,15,7,0.875,14,0.9333333333333333,25.53666666666667,53.2
911TJPC2x_2021-07-18_TerInvt_V_DS_1,911TJPC2x,2021-07-18T00:00:00Z,TerInvt_V_DS,1,13,52,9,0.6923076923076923,27,0.5192307692307693,4,0.3076923076923077,25,0.4807692307692308,2,0.15384615384615385,6,0.11538461538461539,3,0.23076923076923078,24,0.46153846153846156,2,0.15384615384615385,14,0.2692307692307692,3,0.23076923076923078,3,0.057692307692307696,3,0.23076923076923078,3,0.057692307692307696,8,0.6153846153846154,33,0.6346153846153847,7,0.5384615384615385,23,0.4423076923076923,13,0,0,52,0,0,13,1,0.07692307692307693,52,10,0.19230769230769232,0,0,0,0,13,0,0,52,0,0,7,15,0,0,0,0,3,0.42857142857142855,6,0.4,0,0,0,0,12,43,1,0.08333333333333333,1,0.023255813953488372,0,0,0,0,1,0.08333333333333333,1,0.023255813953488372,4,0,25,0,12,43,4,0,25,0,11,36,8,0.7272727272727273,25,0.6944444444444444,3,0.2727272727272727,11,0.3055555555555556,0,0,0,0,12.35,6.863611111111111,4,12,0,0,0,0,3,0.75,6,0.5,3,3,3,1,3,1,27.599999999999998,51.2
